帖号	列表回复数	状态
10940158353	99	待读首尾及楼中楼
10819516264	99	待读首尾及楼中楼
10390416439	99	待读首尾及楼中楼
10366299155	99	待读首尾及楼中楼
9098184623	99	待读首尾及楼中楼
10770269343	98	待读首尾及楼中楼
10639554215	98	待读首尾及楼中楼
9177778025	98	待读首尾及楼中楼
9939892556	96	待读首尾及楼中楼
9099000334	96	待读首尾及楼中楼
9200321927	95	待读首尾及楼中楼
10946385886	94	待读首尾及楼中楼
9853370201	94	待读首尾及楼中楼
9828739440	94	待读首尾及楼中楼
9168700015	94	待读首尾及楼中楼
9141071877	94	待读首尾及楼中楼
10906707011	93	待读首尾及楼中楼
10252365324	93	待读首尾及楼中楼
9685131781	93	待读首尾及楼中楼
10584615116	92	待读首尾及楼中楼
9265846790	92	待读首尾及楼中楼
10937548212	91	待读首尾及楼中楼
10664228529	91	待读首尾及楼中楼
9845020099	91	待读首尾及楼中楼
9310809204	91	待读首尾及楼中楼
10476004240	90	待读首尾及楼中楼
9663802733	90	待读首尾及楼中楼
10984939865	89	待读首尾及楼中楼
10676790371	89	待读首尾及楼中楼
9849734209	89	待读首尾及楼中楼
9778590325	89	待读首尾及楼中楼
9604788910	89	待读首尾及楼中楼
9534562948	89	待读首尾及楼中楼
9361437642	89	待读首尾及楼中楼
9278893497	89	待读首尾及楼中楼
11012494512	88	待读首尾及楼中楼
10761763917	88	待读首尾及楼中楼
9224403248	88	待读首尾及楼中楼
10359507998	87	待读首尾及楼中楼
10526851548	86	待读首尾及楼中楼
10488479317	86	待读首尾及楼中楼
9301674484	86	待读首尾及楼中楼
9293512521	86	待读首尾及楼中楼
10864694790	85	待读首尾及楼中楼
10676888117	85	待读首尾及楼中楼
10663097152	85	待读首尾及楼中楼
10906318289	84	待读首尾及楼中楼
10644495114	84	待读首尾及楼中楼
10357464656	84	待读首尾及楼中楼
10283661705	84	待读首尾及楼中楼
9526822193	84	待读首尾及楼中楼
9129018983	84	待读首尾及楼中楼
10907812962	82	待读首尾及楼中楼
10675831150	82	待读首尾及楼中楼
9786059018	82	待读首尾及楼中楼
9608372571	82	待读首尾及楼中楼
9321874745	82	待读首尾及楼中楼
9168912490	82	待读首尾及楼中楼
10816741906	81	待读首尾及楼中楼
10490724455	81	待读首尾及楼中楼
10445535727	81	待读首尾及楼中楼
10114012549	81	待读首尾及楼中楼
9545664556	81	待读首尾及楼中楼
9522007164	81	待读首尾及楼中楼
9104548528	81	待读首尾及楼中楼
9512932678	80	待读首尾及楼中楼
9143341936	80	待读首尾及楼中楼
10703137765	79	待读首尾及楼中楼
10592758658	79	待读首尾及楼中楼
10328096028	79	待读首尾及楼中楼
9866801987	79	待读首尾及楼中楼
9814028232	79	待读首尾及楼中楼
10620890618	78	待读首尾及楼中楼
9254797874	78	待读首尾及楼中楼
9123165734	78	待读首尾及楼中楼
10675494457	77	待读首尾及楼中楼
10619911620	77	待读首尾及楼中楼
10277654059	77	待读首尾及楼中楼
10149082194	77	待读首尾及楼中楼
9127595326	77	待读首尾及楼中楼
9392167312	76	待读首尾及楼中楼
9273798137	76	待读首尾及楼中楼
10838090612	75	待读首尾及楼中楼
9959935001	75	待读首尾及楼中楼
9765762813	75	待读首尾及楼中楼
10862091132	74	待读首尾及楼中楼
10385966812	74	待读首尾及楼中楼
10332450765	74	待读首尾及楼中楼
10970512154	73	待读首尾及楼中楼
9752429625	73	待读首尾及楼中楼
9300419972	73	待读首尾及楼中楼
9186501110	73	待读首尾及楼中楼
10833718220	72	待读首尾及楼中楼
10779736425	72	待读首尾及楼中楼
10096178846	72	待读首尾及楼中楼
9990042699	72	待读首尾及楼中楼
9976848094	72	待读首尾及楼中楼
9890732871	72	待读首尾及楼中楼
9549159704	72	待读首尾及楼中楼
9307134912	72	待读首尾及楼中楼
9219070965	72	待读首尾及楼中楼
10945281766	71	待读首尾及楼中楼
9916182872	71	待读首尾及楼中楼
9840284872	71	待读首尾及楼中楼
9765005058	71	待读首尾及楼中楼
9713317282	71	待读首尾及楼中楼
9596139650	71	待读首尾及楼中楼
9445009551	71	待读首尾及楼中楼
9428005133	71	待读首尾及楼中楼
9184746104	71	待读首尾及楼中楼
10712524726	70	待读首尾及楼中楼
9775436349	70	待读首尾及楼中楼
9731474664	70	待读首尾及楼中楼
10679283017	69	待读首尾及楼中楼
9804393403	69	待读首尾及楼中楼
9729094732	69	待读首尾及楼中楼
9271419197	69	待读首尾及楼中楼
10912541997	68	待读首尾及楼中楼
10669367104	68	待读首尾及楼中楼
9826043994	68	待读首尾及楼中楼
9126581335	68	待读首尾及楼中楼
11007608979	67	待读首尾及楼中楼
10620577351	67	待读首尾及楼中楼
10601403371	67	待读首尾及楼中楼
10558390197	67	待读首尾及楼中楼
10191470800	67	待读首尾及楼中楼
10189751817	67	待读首尾及楼中楼
9343335121	67	待读首尾及楼中楼
9232001332	67	待读首尾及楼中楼
9207407834	67	待读首尾及楼中楼
10903795061	66	待读首尾及楼中楼
10692299354	66	待读首尾及楼中楼
10671357260	66	待读首尾及楼中楼
10651406604	66	待读首尾及楼中楼
10187316903	66	待读首尾及楼中楼
10029192405	66	待读首尾及楼中楼
9785210689	66	待读首尾及楼中楼
9730111077	66	待读首尾及楼中楼
9368643460	66	待读首尾及楼中楼
10656445844	65	待读首尾及楼中楼
10173785995	65	待读首尾及楼中楼
10994421553	64	待读首尾及楼中楼
10926336786	64	待读首尾及楼中楼
10670138556	64	待读首尾及楼中楼
10668815543	64	待读首尾及楼中楼
10664371626	64	待读首尾及楼中楼
10442138946	64	待读首尾及楼中楼
10752919302	63	待读首尾及楼中楼
10723445530	63	待读首尾及楼中楼
10470009422	63	待读首尾及楼中楼
9467111014	63	待读首尾及楼中楼
9163248662	63	待读首尾及楼中楼
11012759067	62	待读首尾及楼中楼
10627845229	62	待读首尾及楼中楼
10663866676	61	待读首尾及楼中楼
10387955209	61	待读首尾及楼中楼
10242909088	61	待读首尾及楼中楼
10199687144	61	待读首尾及楼中楼
9838679317	61	待读首尾及楼中楼
9781106493	61	待读首尾及楼中楼
9674416184	61	待读首尾及楼中楼
10564466830	60	待读首尾及楼中楼
9776850684	60	待读首尾及楼中楼
9747719726	60	待读首尾及楼中楼
9235395752	60	待读首尾及楼中楼
9179363958	60	待读首尾及楼中楼
10972879041	59	待读首尾及楼中楼
10478414226	59	待读首尾及楼中楼
10473559951	59	待读首尾及楼中楼
10459807820	59	待读首尾及楼中楼
10381834227	59	待读首尾及楼中楼
11033321411	58	待读首尾及楼中楼
10993001514	58	待读首尾及楼中楼
10640458302	58	待读首尾及楼中楼
10622334678	58	待读首尾及楼中楼
10619061141	58	待读首尾及楼中楼
9771678277	58	待读首尾及楼中楼
9536065677	58	待读首尾及楼中楼
9280887027	58	待读首尾及楼中楼
9270620748	58	待读首尾及楼中楼
9218810938	58	待读首尾及楼中楼
9151403195	58	待读首尾及楼中楼
11062622649	57	待读首尾及楼中楼
10903099946	57	待读首尾及楼中楼
10663780365	57	待读首尾及楼中楼
10618394721	57	待读首尾及楼中楼
10452998508	57	待读首尾及楼中楼
10281580107	57	待读首尾及楼中楼
9320383052	57	待读首尾及楼中楼
9296540352	57	待读首尾及楼中楼
9164799563	57	待读首尾及楼中楼
10704363227	56	待读首尾及楼中楼
10384079448	56	待读首尾及楼中楼
9281411977	56	待读首尾及楼中楼
11004351986	55	待读首尾及楼中楼
10676899731	55	待读首尾及楼中楼
9757489035	55	待读首尾及楼中楼
9433852153	55	待读首尾及楼中楼
9419026002	55	待读首尾及楼中楼
10969575443	54	待读首尾及楼中楼
10932502643	54	待读首尾及楼中楼
10707662286	54	待读首尾及楼中楼
10246673631	54	待读首尾及楼中楼
9276675275	54	待读首尾及楼中楼
9194114963	54	待读首尾及楼中楼
10945296319	53	待读首尾及楼中楼
10927208037	53	待读首尾及楼中楼
10828296510	53	待读首尾及楼中楼
10619135277	53	待读首尾及楼中楼
10415215736	53	待读首尾及楼中楼
9124208732	53	待读首尾及楼中楼
10926005541	52	待读首尾及楼中楼
10771470433	52	待读首尾及楼中楼
10426454272	52	待读首尾及楼中楼
9713928452	52	待读首尾及楼中楼
9674660056	52	待读首尾及楼中楼
9586101131	52	待读首尾及楼中楼
9250468646	52	待读首尾及楼中楼
10908408198	51	待读首尾及楼中楼
10721470623	51	待读首尾及楼中楼
10592906823	51	待读首尾及楼中楼
10456170914	51	待读首尾及楼中楼
10411606058	51	待读首尾及楼中楼
10276688129	51	待读首尾及楼中楼
10118670608	51	待读首尾及楼中楼
10101389038	51	待读首尾及楼中楼
9665841740	51	待读首尾及楼中楼
9324572398	51	待读首尾及楼中楼
9301168755	51	待读首尾及楼中楼
9142344173	51	待读首尾及楼中楼
9124861118	51	待读首尾及楼中楼
10917852253	50	待读首尾及楼中楼
10677087166	50	待读首尾及楼中楼
10654887730	50	待读首尾及楼中楼
10623093173	50	待读首尾及楼中楼
10211057981	50	待读首尾及楼中楼
9831222559	50	待读首尾及楼中楼
9790444812	50	待读首尾及楼中楼
9788636411	50	待读首尾及楼中楼
9235422751	50	待读首尾及楼中楼
