帖号	初始引用文件	首尾状态	接口回复数	主楼总页数	主楼分页完成	已取主楼	已取楼中楼	楼中楼计数差	人工处理	当前错误	楼中楼空页	主楼无列表页	楼中楼分页元数据全零
6088754399	docs/leads/tieba-high-replies-2026-10-10.md	首尾已取	4964	67	true	1971	2758	445	未人工通读	无	无	无	无
11048200284	docs/leads/tieba-high-replies-2026-10-10.md	首尾已取	129	2	true	31	98	2	未人工通读	无	无	无	无
10998428085	docs/leads/tieba-high-replies-2026-10-10.md	首尾已取	147	1	true	19	128	0	未人工通读	无	无	无	无
10971974481	docs/leads/tieba-high-replies-2026-10-10.md	首尾已取	108	2	true	44	64	7	未人工通读	无	无	无	无
10970956484	docs/leads/tieba-high-replies-2026-10-10.md	首尾已取	126	2	true	36	90	6	未人工通读	无	#3:2	无	无
10948735249	docs/leads/tieba-high-replies-2026-10-10.md	首尾已取	112	2	true	53	59	7	未人工通读	无	无	无	无
10947640275	docs/leads/tieba-high-replies-2026-10-10.md	首尾已取	205	2	true	36	169	8	未人工通读	无	无	无	无
10937647469	docs/leads/tieba-high-replies-2026-10-10.md	首尾已取	107	3	true	86	21	0	未人工通读	无	无	无	无
10898854798	docs/leads/tieba-high-replies-2026-10-10.md	首尾已取	108	2	true	39	69	0	未人工通读	无	无	无	无
10878950653	docs/leads/tieba-high-replies-2026-10-10.md	首尾已取	170	4	true	98	19	75	未人工通读	无	#2:2,3;#51:1	无	无
10834526483	docs/leads/tieba-high-replies-2026-10-10.md	首尾已取	139	1	true	22	117	2	未人工通读	无	无	无	无
10801294137	docs/leads/tieba-high-replies-2026-10-10.md	首尾已取	112	2	true	53	59	2	已读全部可见文字及楼中楼；部分附图已核、其他待核；提米的猫角色待对应	无	无	无	无
10772009062	docs/leads/tieba-high-replies-2026-10-10.md	首尾已取	187	4	true	97	90	6	未人工通读	无	无	无	无
10764811819	docs/leads/tieba-high-replies-2026-10-10.md	首尾已取	123	1	true	6	117	2	未人工通读	无	无	无	无
10707683921	docs/leads/tieba-high-replies-2026-10-10.md	首尾已取	138	4	true	105	33	2	未人工通读	无	无	无	无
10684130169	docs/leads/tieba-high-replies-2026-10-10.md	首尾已取	185	2	true	37	148	6	未人工通读	无	无	无	无
10677759477	docs/leads/tieba-high-replies-2026-10-10.md	首尾已取	205	2	true	32	165	79	未人工通读	无	#11:4,5	无	无
10676714140	docs/leads/tieba-high-replies-2026-10-10.md	首尾已取	110	3	true	79	31	3	未人工通读	无	无	无	无
10676309875	docs/leads/tieba-high-replies-2026-10-10.md	首尾已取	207	2	true	55	144	20	未人工通读	无	无	无	无
10675714558	docs/leads/tieba-high-replies-2026-10-10.md	首尾已取	225	2	true	57	168	5	未人工通读	无	无	无	无
10672852019	docs/leads/tieba-high-replies-2026-10-10.md	首尾已取	104	2	true	31	59	3	未人工通读	无	无	无	无
10672835872	docs/leads/tieba-high-replies-2026-10-10.md	首尾已取	105	2	true	37	67	13	未人工通读	无	无	无	无
10672051489	docs/leads/tieba-high-replies-2026-10-10.md	首尾已取	207	2	true	35	164	16	未人工通读	无	无	无	无
10665708702	docs/leads/tieba-high-replies-2026-10-10.md	首尾已取	109	2	true	41	67	8	未人工通读	无	无	无	无
10665159819	docs/leads/tieba-high-replies-2026-10-10.md	首尾已取	138	2	true	56	80	11	未人工通读	无	无	无	无
10653747131	docs/leads/tieba-high-replies-2026-10-10.md	首尾已取	106	1	true	23	57	6	未人工通读	无	无	无	无
10647155462	docs/leads/tieba-high-replies-2026-10-10.md	首尾已取	123	2	true	36	87	2	未人工通读	无	无	无	无
10644933726	docs/leads/tieba-high-replies-2026-10-10.md	首尾已取	315	3	true	66	237	17	未人工通读	无	#9:2;#10:3	无	无
10631186519	docs/leads/tieba-high-replies-2026-10-10.md	首尾已取	231	3	true	88	143	4	未人工通读	无	无	无	无
10623753935	docs/leads/tieba-high-replies-2026-10-10.md	首尾已取	152	2	true	37	115	5	未人工通读	无	无	无	无
10613821274	docs/leads/tieba-high-replies-2026-10-10.md	首尾已取	161	2	true	48	113	7	未人工通读	无	无	无	无
10607229438	docs/leads/tieba-high-replies-2026-10-10.md	首尾已取	123	2	true	36	78	24	未人工通读	无	无	无	无
10602413301	docs/leads/tieba-high-replies-2026-10-10.md	首尾已取	107	2	true	43	64	5	未人工通读	无	无	无	无
10581633367	docs/leads/tieba-high-replies-2026-10-10.md	首尾已取	147	2	true	43	104	4	未人工通读	无	无	无	无
10567953759	docs/leads/tieba-high-replies-2026-10-10.md	首尾已取	114	2	true	52	62	4	未人工通读	无	无	无	无
10539063863	docs/leads/tieba-high-replies-2026-10-10.md	首尾已取	170	2	true	50	120	6	未人工通读	无	#28:2	无	无
10502154148	docs/leads/tieba-high-replies-2026-10-10.md	首尾已取	118	2	true	40	78	0	未人工通读	无	无	无	无
10482607135	docs/leads/tieba-high-replies-2026-10-10.md	首尾已取	172	3	true	80	91	5	未人工通读	无	无	无	无
10477717480	docs/leads/tieba-high-replies-2026-10-10.md	首尾已取	199	2	true	54	145	8	未人工通读	无	#11:2	无	无
10462241994	docs/leads/tieba-high-replies-2026-10-10.md	首尾已取	121	2	true	44	77	3	未人工通读	无	无	无	无
10390366583	docs/leads/tieba-high-replies-2026-10-10.md	首尾已取	129	2	true	52	77	2	未人工通读	无	无	无	无
10389924604	docs/leads/tieba-high-replies-2026-10-10.md	首尾已取	102	1	true	19	83	3	未人工通读	无	无	无	无
10387379729	docs/leads/tieba-high-replies-2026-10-10.md	首尾已取	126	1	true	14	73	48	未人工通读	无	无	无	无
10387520534	docs/leads/tieba-high-replies-2026-10-10.md	首尾已取	102	2	true	38	65	0	未人工通读	无	无	无	无
10338685447	docs/leads/tieba-high-replies-2026-10-10.md	首尾已取	254	4	true	98	149	5	未人工通读	无	无	无	无
10324180079	docs/leads/tieba-high-replies-2026-10-10.md	首尾已取	169	3	true	69	99	0	未人工通读	无	无	无	无
10278412003	docs/leads/tieba-high-replies-2026-10-10.md	首尾已取	117	2	true	46	71	0	未人工通读	无	无	无	无
10258617353	docs/leads/tieba-high-replies-2026-10-10.md	首尾已取	255	1	true	27	228	0	未人工通读	无	无	无	无
10152066932	docs/leads/tieba-high-replies-2026-10-10.md	首尾已取	184	1	true	16	168	1	未人工通读	无	无	无	无
10125879784	docs/leads/tieba-high-replies-2026-10-10.md	首尾已取	143	1	true	24	94	10	未人工通读	无	无	无	无
10070000277	docs/leads/tieba-high-replies-2026-10-10.md	首尾已取	113	1	true	16	77	23	未人工通读	无	无	无	无
10068092991	docs/leads/tieba-high-replies-2026-10-10.md	首尾已取	105	1	true	19	85	6	未人工通读	无	无	无	无
10065058374	docs/leads/tieba-high-replies-2026-10-10.md	首尾已取	265	2	true	31	232	1	未人工通读	无	无	无	无
10046639398	docs/leads/tieba-high-replies-2026-10-10.md	首尾已取	192	7	true	189	3	0	未人工通读	无	无	无	无
10044974893	docs/leads/tieba-high-replies-2026-10-10.md	首尾已取	150	5	true	148	3	0	未人工通读	无	无	无	无
10034670034	docs/leads/tieba-high-replies-2026-10-10.md	部分取得	149	4	true	3	2	0	未人工通读	无	无	forward:2,3,4;reverse:4,3,2	无
10020064316	docs/leads/tieba-high-replies-2026-10-10.md	首尾已取	307	1	true	21	286	0	未人工通读	无	无	无	无
10017853841	docs/leads/tieba-high-replies-2026-10-10.md	首尾已取	100	1	true	24	75	12	未人工通读	无	无	无	无
10009747746	docs/leads/tieba-high-replies-2026-10-10.md	首尾已取	245	2	true	43	200	1	未人工通读	无	无	无	无
9996747817	docs/leads/tieba-high-replies-2026-10-10.md	首尾已取	117	2	true	60	55	5	未人工通读	无	无	无	无
9898710275	docs/leads/tieba-high-replies-2026-10-10.md	首尾已取	231	6	true	156	75	0	未人工通读	无	无	无	无
9888060269	docs/leads/tieba-high-replies-2026-10-10.md	首尾已取	101	1	true	26	75	1	未人工通读	无	无	无	无
9852983328	docs/leads/tieba-high-replies-2026-10-10.md	首尾已取	136	3	true	69	67	6	未人工通读	无	无	无	无
9842657230	docs/leads/tieba-high-replies-2026-10-10.md	首尾已取	121	4	true	103	17	6	未人工通读	无	无	无	无
9800561395	docs/leads/tieba-high-replies-2026-10-10.md	首尾已取	122	1	true	19	102	9	未人工通读	无	无	无	无
9782208244	docs/leads/tieba-high-replies-2026-10-10.md	首尾已取	200	1	true	23	172	15	未人工通读	无	无	无	无
9752643194	docs/leads/tieba-high-replies-2026-10-10.md	首尾已取	378	3	true	67	306	14	已读全部可见主楼、楼中楼文字及三张附图；E姐任期/蓝图延期争论归档，原计数缺口保留	无	无	无	无
9749065335	docs/leads/tieba-high-replies-2026-10-10.md	首尾已取	376	3	true	80	296	7	已读全部可见主楼、楼中楼文字及去重13图；石头回应、E姐新人团小号归档，原计数缺口保留	无	无	无	无
9745245593	docs/leads/tieba-high-replies-2026-10-10.md	首尾已取	300	3	true	67	231	8	未人工通读	无	无	无	无
9741781083	docs/leads/tieba-high-replies-2026-10-10.md	首尾已取	110	2	true	32	78	0	未人工通读	无	无	无	无
9697528989	docs/leads/tieba-high-replies-2026-10-10.md	首尾已取	341	4	true	119	222	15	已读全部可见文字、楼中楼及日记唯一附图；麦克EVE角色待对应	无	无	无	无
9696374549	docs/leads/tieba-high-replies-2026-10-10.md	首尾已取	102	2	true	57	45	1	未人工通读	无	无	无	无
9691754328	docs/leads/tieba-high-replies-2026-10-10.md	首尾已取	112	1	true	30	79	9	未人工通读	无	无	无	无
9685389386	docs/leads/tieba-high-replies-2026-10-10.md	首尾已取	113	1	true	23	90	2	未人工通读	无	无	无	无
9679008585	docs/leads/tieba-high-replies-2026-10-10.md	首尾已取	109	2	true	49	60	1	未人工通读	无	无	无	无
9672204642	docs/leads/tieba-high-replies-2026-10-10.md	首尾已取	127	2	true	50	77	1	未人工通读	无	无	无	无
9670843356	docs/leads/tieba-high-replies-2026-10-10.md	首尾已取	221	8	true	215	6	0	未人工通读	无	无	无	无
9665116867	docs/leads/tieba-high-replies-2026-10-10.md	首尾已取	224	2	true	49	163	25	未人工通读	无	#9:3	无	无
9616394746	docs/leads/tieba-high-replies-2026-10-10.md	首尾已取	454	7	true	185	269	0	未人工通读	无	无	无	无
9612551185	docs/leads/tieba-high-replies-2026-10-10.md	首尾已取	497	10	true	20	1	0	未人工通读	无	无	forward:5,9;reverse:9,5	无
9606388614	docs/leads/tieba-high-replies-2026-10-10.md	首尾已取	171	5	true	133	38	0	未人工通读	无	无	无	无
9599242434	docs/leads/tieba-high-replies-2026-10-10.md	首尾已取	178	3	true	88	89	0	未人工通读	无	无	无	无
9598043172	docs/leads/tieba-high-replies-2026-10-10.md	首尾已取	192	2	true	37	155	13	未人工通读	无	无	无	无
9595459307	docs/leads/tieba-high-replies-2026-10-10.md	首尾已取	287	2	true	37	250	0	未人工通读	无	无	无	无
9578874205	docs/leads/tieba-high-replies-2026-10-10.md	首尾已取	117	3	true	72	43	13	未人工通读	无	#2:2	无	无
9522396444	docs/leads/tieba-high-replies-2026-10-10.md	首尾已取	225	6	true	178	47	1	未人工通读	无	无	无	无
9505999469	docs/leads/tieba-high-replies-2026-10-10.md	首尾已取	220	3	true	71	149	0	未人工通读	无	无	无	无
9491202327	docs/leads/tieba-high-replies-2026-10-10.md	首尾已取	104	2	true	41	63	2	未人工通读	无	无	无	无
9480222681	docs/leads/tieba-high-replies-2026-10-10.md	首尾已取	118	4	true	105	13	0	未人工通读	无	无	无	无
9427784051	docs/leads/tieba-high-replies-2026-10-10.md	首尾已取	106	2	true	49	56	2	未人工通读	无	无	无	无
9424891659	docs/leads/tieba-high-replies-2026-10-10.md	首尾已取	111	3	true	64	46	1	未人工通读	无	无	无	无
9394320576	docs/leads/tieba-high-replies-2026-10-10.md	首尾已取	427	4	true	92	335	18	已读全部可见文字、楼中楼及六张主楼图；Choice Of Fate补教学、招新官考核后告知和公开骂人；原计数缺口保留	无	#4:5	无	无
9382367994	docs/leads/tieba-high-replies-2026-10-10.md	首尾已取	245	2	true	43	202	0	未人工通读	无	无	无	无
9300937206	docs/leads/tieba-high-replies-2026-10-10.md	首尾已取	108	1	true	30	58	1	未人工通读	无	无	无	无
9271449011	docs/leads/tieba-high-replies-2026-10-10.md	首尾已取	137	2	true	49	88	3	未人工通读	无	无	无	无
9271427360	docs/leads/tieba-high-replies-2026-10-10.md	首尾已取	163	2	true	42	112	5	未人工通读	无	无	无	无
9223782316	docs/leads/tieba-high-replies-2026-10-10.md	首尾已取	102	1	true	28	74	0	未人工通读	无	无	无	无
9222642987	docs/leads/tieba-high-replies-2026-10-10.md	首尾已取	143	2	true	47	96	2	未人工通读	无	无	无	无
9221208685	docs/leads/tieba-high-replies-2026-10-10.md	首尾已取	133	2	true	56	77	1	未人工通读	无	无	无	无
9218435760	docs/leads/tieba-high-replies-2026-10-10.md	首尾已取	140	2	true	36	91	7	未人工通读	无	无	无	无
9201757504	docs/leads/tieba-high-replies-2026-10-10.md	首尾已取	158	3	true	64	94	1	未人工通读	无	无	无	无
9187241380	docs/leads/tieba-high-replies-2026-10-10.md	首尾已取	162	3	true	64	95	3	未人工通读	无	无	无	无
9151856864	docs/leads/tieba-high-replies-2026-10-10.md	首尾已取	119	2	true	49	68	4	未人工通读	无	无	无	无
9146224234	docs/leads/tieba-high-replies-2026-10-10.md	首尾已取	104	1	true	30	74	3	未人工通读	无	无	无	无
9107754422	docs/leads/tieba-high-replies-2026-10-10.md	首尾已取	133	2	true	37	94	6	未人工通读	无	无	无	无
