发现帖号	原帖	楼层	来源位置	状态
1379614066	https://tieba.baidu.com/p/3624406859	2	主楼	首尾已取得；尚未人工核读，不能仅按标题筛选
2430395156	https://tieba.baidu.com/p/3624406859	29	主楼	首尾请求失败：350008: 该贴已被删除，请浏览其他贴子；保留引用，不当成无料
2583526517	https://tieba.baidu.com/p/7201460392	2	主楼	双序主楼分页已请求；楼中楼缺口保留，尚未人工核读
2836897496	https://tieba.baidu.com/p/3624406859	23	主楼	双序主楼分页已请求；楼中楼缺口保留，尚未人工核读
3695404467	https://tieba.baidu.com/p/3624406859	3	主楼	首尾请求失败：4: 贴子可能已被删除；保留引用，不当成无料
3695582883	https://tieba.baidu.com/p/3624406859	4	主楼	首尾请求失败：4: 贴子可能已被删除；保留引用，不当成无料
4181800588	https://tieba.baidu.com/p/3624406859	24	主楼	首尾请求失败：4: 贴子可能已被删除；保留引用，不当成无料
4235128491	https://tieba.baidu.com/p/3624406859	25	主楼	首尾请求失败：4: 贴子可能已被删除；保留引用，不当成无料
4243117001	https://tieba.baidu.com/p/3624406859	28	主楼	首尾已取得；尚未人工核读，不能仅按标题筛选
4429786700	https://tieba.baidu.com/p/9001265221	35	主楼	首尾已取得；尚未人工核读，不能仅按标题筛选
4541086214	https://tieba.baidu.com/p/3624406859	30	主楼	首尾已取得；尚未人工核读，不能仅按标题筛选
4748643729	https://tieba.baidu.com/p/3624406859	33	主楼	首尾请求失败：4: 贴子可能已被删除；保留引用，不当成无料
4748795115	https://tieba.baidu.com/p/3624406859	33	楼中楼	首尾已取得；尚未人工核读，不能仅按标题筛选
4997289227	https://tieba.baidu.com/p/6656022309	177	主楼	首尾已取得；尚未人工核读，不能仅按标题筛选
5028394004	https://tieba.baidu.com/p/5883118665	3	楼中楼	首尾已取得；尚未人工核读，不能仅按标题筛选
5190993868	https://tieba.baidu.com/p/6656022309	330	主楼	首尾已取得；尚未人工核读，不能仅按标题筛选
5277343411	https://tieba.baidu.com/p/5883118665	3	楼中楼	首尾已取得；尚未人工核读，不能仅按标题筛选
5332959219	https://tieba.baidu.com/p/3624406859	42	楼中楼	首尾已取得；尚未人工核读，不能仅按标题筛选
5345304579	https://tieba.baidu.com/p/6656022309	223	主楼	首尾已取得；尚未人工核读，不能仅按标题筛选
5365123114	https://tieba.baidu.com/p/5688249663	128	主楼	双序主楼分页已请求；楼中楼缺口保留，尚未人工核读
5365123114	https://tieba.baidu.com/p/6656022309	208	主楼	双序主楼分页已请求；楼中楼缺口保留，尚未人工核读
5598907587	https://tieba.baidu.com/p/5883118665	3	楼中楼	首尾已取得；尚未人工核读，不能仅按标题筛选
5604772729	https://tieba.baidu.com/p/5883118665	3	楼中楼	首尾已取得；尚未人工核读，不能仅按标题筛选
5604788940	https://tieba.baidu.com/p/5883118665	3	楼中楼	首尾已取得；尚未人工核读，不能仅按标题筛选
5633184909	https://tieba.baidu.com/p/5646248836	2	主楼	首尾已取得；尚未人工核读，不能仅按标题筛选
5766400998	https://tieba.baidu.com/p/3624406859	51	主楼	首尾已取得；尚未人工核读，不能仅按标题筛选
5768242917	https://tieba.baidu.com/p/5765913162	24	楼中楼	首尾已取得；尚未人工核读，不能仅按标题筛选
5800248914	https://tieba.baidu.com/p/6656022309	281	主楼	首尾请求失败：4: 贴子可能已被删除；保留引用，不当成无料
5883390752	https://tieba.baidu.com/p/5765098635	2	楼中楼	首尾请求失败：4: 贴子可能已被删除；保留引用，不当成无料
5994260613	https://tieba.baidu.com/p/6073628480	119	主楼	首尾已取得；尚未人工核读，不能仅按标题筛选
6009597745	https://tieba.baidu.com/p/6656022309	269	楼中楼	首尾已取得；尚未人工核读，不能仅按标题筛选
6020008128	https://tieba.baidu.com/p/6020263171	13	主楼	首尾已取得；尚未人工核读，不能仅按标题筛选
6032644430	https://tieba.baidu.com/p/6246322776	49	主楼	首尾已取得；尚未人工核读，不能仅按标题筛选
6045932806	https://tieba.baidu.com/p/5939986577	227	主楼	现存文字已读；新人被踢事件，二甩及团长别开枪已收录，附图已读、删失缺口保留
6195786582	https://tieba.baidu.com/p/6577748248	149	楼中楼	全文抓取中；尚未人工核读
6257971140	https://tieba.baidu.com/p/6246322776	86	主楼	首尾已取得；尚未人工核读，不能仅按标题筛选
6498680826	https://tieba.baidu.com/p/6656022309	108	楼中楼	首尾已取得；尚未人工核读，不能仅按标题筛选
6644518792	https://tieba.baidu.com/p/6656022309	381	主楼	首尾已取得；尚未人工核读，不能仅按标题筛选
6661973716	https://tieba.baidu.com/p/6656022309	439	楼中楼	首尾已取得；尚未人工核读，不能仅按标题筛选
6682275594	https://tieba.baidu.com/p/8005376667	9	主楼	首尾已取得；尚未人工核读，不能仅按标题筛选
6940782804	https://tieba.baidu.com/p/7347919991	25	楼中楼	首尾已取得；尚未人工核读，不能仅按标题筛选
6952680531	https://tieba.baidu.com/p/6656022309	435	主楼	首尾已取得；尚未人工核读，不能仅按标题筛选
7007818468	https://tieba.baidu.com/p/9751502327	59	主楼	首尾已取得；尚未人工核读，不能仅按标题筛选
7250366193	https://tieba.baidu.com/p/7251880874	22	楼中楼	首尾已取得；尚未人工核读，不能仅按标题筛选
7250366193	https://tieba.baidu.com/p/7251880874	26	楼中楼	首尾已取得；尚未人工核读，不能仅按标题筛选
7250366193	https://tieba.baidu.com/p/7251880874	3	楼中楼	首尾已取得；尚未人工核读，不能仅按标题筛选
7251211418	https://tieba.baidu.com/p/7251880874	16	楼中楼	首尾已取得；尚未人工核读，不能仅按标题筛选
7254088680	https://tieba.baidu.com/p/7251880874	12	楼中楼	首尾已取得；尚未人工核读，不能仅按标题筛选
7254088680	https://tieba.baidu.com/p/7251880874	46	楼中楼	首尾已取得；尚未人工核读，不能仅按标题筛选
7476600028	https://tieba.baidu.com/p/7557985518	13	主楼	首尾已取得；尚未人工核读，不能仅按标题筛选
7765265023	https://tieba.baidu.com/p/9001265221	19	楼中楼	首尾已取得；尚未人工核读，不能仅按标题筛选
8203427787	https://tieba.baidu.com/p/9095381454	25	主楼	首尾已取得；尚未人工核读，不能仅按标题筛选
8924360773	https://tieba.baidu.com/p/8968264055	32	楼中楼	首尾已取得；尚未人工核读，不能仅按标题筛选
9272989868	https://tieba.baidu.com/p/9334710527	7	楼中楼	首尾请求失败：4: 贴子可能已被删除；保留引用，不当成无料
9272989868	https://tieba.baidu.com/p/9334710527	8	主楼	首尾请求失败：4: 贴子可能已被删除；保留引用，不当成无料
9480585941	https://tieba.baidu.com/p/9287878926	13	主楼	首尾请求失败：4: 贴子可能已被删除；保留引用，不当成无料
9483804864	https://tieba.baidu.com/p/9487993289	1	主楼	首尾已取得；尚未人工核读，不能仅按标题筛选
9485048800	https://tieba.baidu.com/p/9487993289	1	主楼	首尾已取得；尚未人工核读，不能仅按标题筛选
9486061473	https://tieba.baidu.com/p/9487993289	1	主楼	首尾请求失败：4: 贴子可能已被删除；保留引用，不当成无料
9491977097	https://tieba.baidu.com/p/9559834027	7	主楼	首尾已取得；尚未人工核读，不能仅按标题筛选
9491977097	https://tieba.baidu.com/p/9574386882	10	主楼	首尾已取得；尚未人工核读，不能仅按标题筛选
9491977097	https://tieba.baidu.com/p/9597487256	17	主楼	首尾已取得；尚未人工核读，不能仅按标题筛选
9491977097	https://tieba.baidu.com/p/9632971058	5	主楼	首尾已取得；尚未人工核读，不能仅按标题筛选
9491977097	https://tieba.baidu.com/p/9642820753	2	主楼	首尾已取得；尚未人工核读，不能仅按标题筛选
9491977097	https://tieba.baidu.com/p/9674911774	8	主楼	首尾已取得；尚未人工核读，不能仅按标题筛选
9491977097	https://tieba.baidu.com/p/9712563400	7	主楼	首尾已取得；尚未人工核读，不能仅按标题筛选
9801993127	https://tieba.baidu.com/p/9295480076	71	主楼	首尾已取得；尚未人工核读，不能仅按标题筛选
10652693791	https://tieba.baidu.com/p/10615890015	31	主楼	首尾已取得；尚未人工核读，不能仅按标题筛选
